Unnamed: 0,XGBoost,Decision Tree,Random Forests,KNN,GaussianNB,Logistic Regression,Multinomial NB,Multi-variate Bernoulli NB,Binary Multinomail NB
macro precision baseline,0.86395854822013,0.8946389344473624,0.915291937171776,0.8748360970669797,0.7604948827422566,0.7743347401447129,0.7680456819655838,0.7469982609056081,0.7511499528838904
macro precision MEC,0.8555088945171333,0.8707373201516662,0.9045504328532474,0.8748360970669797,0.7632963861787763,0.7890166094793667,0.7785833455322895,0.7736741172738016,0.7815918035522939
macro precision weighting,0.821492447593235,0.8662460681299511,0.8946689169417084,0.8777234660894444,0.7604948827422566,0.712398315622525,0.743848455491648,0.7400722089163425,0.7352568091510626
